mean_fit_time,std_fit_time,mean_score_time,std_score_time,param_clf__C,param_clf__class_weight,params,split0_test_accuracy,split1_test_accuracy,split2_test_accuracy,split3_test_accuracy,split4_test_accuracy,mean_test_accuracy,std_test_accuracy,rank_test_accuracy,split0_train_accuracy,split1_train_accuracy,split2_train_accuracy,split3_train_accuracy,split4_train_accuracy,mean_train_accuracy,std_train_accuracy,split0_test_precision_macro,split1_test_precision_macro,split2_test_precision_macro,split3_test_precision_macro,split4_test_precision_macro,mean_test_precision_macro,std_test_precision_macro,rank_test_precision_macro,split0_train_precision_macro,split1_train_precision_macro,split2_train_precision_macro,split3_train_precision_macro,split4_train_precision_macro,mean_train_precision_macro,std_train_precision_macro,split0_test_precision_weighted,split1_test_precision_weighted,split2_test_precision_weighted,split3_test_precision_weighted,split4_test_precision_weighted,mean_test_precision_weighted,std_test_precision_weighted,rank_test_precision_weighted,split0_train_precision_weighted,split1_train_precision_weighted,split2_train_precision_weighted,split3_train_precision_weighted,split4_train_precision_weighted,mean_train_precision_weighted,std_train_precision_weighted,split0_test_recall_macro,split1_test_recall_macro,split2_test_recall_macro,split3_test_recall_macro,split4_test_recall_macro,mean_test_recall_macro,std_test_recall_macro,rank_test_recall_macro,split0_train_recall_macro,split1_train_recall_macro,split2_train_recall_macro,split3_train_recall_macro,split4_train_recall_macro,mean_train_recall_macro,std_train_recall_macro,split0_test_recall_weighted,split1_test_recall_weighted,split2_test_recall_weighted,split3_test_recall_weighted,split4_test_recall_weighted,mean_test_recall_weighted,std_test_recall_weighted,rank_test_recall_weighted,split0_train_recall_weighted,split1_train_recall_weighted,split2_train_recall_weighted,split3_train_recall_weighted,split4_train_recall_weighted,mean_train_recall_weighted,std_train_recall_weighted,split0_test_f1_macro,split1_test_f1_macro,split2_test_f1_macro,split3_test_f1_macro,split4_test_f1_macro,mean_test_f1_macro,std_test_f1_macro,rank_test_f1_macro,split0_train_f1_macro,split1_train_f1_macro,split2_train_f1_macro,split3_train_f1_macro,split4_train_f1_macro,mean_train_f1_macro,std_train_f1_macro,split0_test_f1_weighted,split1_test_f1_weighted,split2_test_f1_weighted,split3_test_f1_weighted,split4_test_f1_weighted,mean_test_f1_weighted,std_test_f1_weighted,rank_test_f1_weighted,split0_train_f1_weighted,split1_train_f1_weighted,split2_train_f1_weighted,split3_train_f1_weighted,split4_train_f1_weighted,mean_train_f1_weighted,std_train_f1_weighted,split0_test_roc_auc_ovr_macro,split1_test_roc_auc_ovr_macro,split2_test_roc_auc_ovr_macro,split3_test_roc_auc_ovr_macro,split4_test_roc_auc_ovr_macro,mean_test_roc_auc_ovr_macro,std_test_roc_auc_ovr_macro,rank_test_roc_auc_ovr_macro,split0_train_roc_auc_ovr_macro,split1_train_roc_auc_ovr_macro,split2_train_roc_auc_ovr_macro,split3_train_roc_auc_ovr_macro,split4_train_roc_auc_ovr_macro,mean_train_roc_auc_ovr_macro,std_train_roc_auc_ovr_macro,split0_test_roc_auc_ovr_weighted,split1_test_roc_auc_ovr_weighted,split2_test_roc_auc_ovr_weighted,split3_test_roc_auc_ovr_weighted,split4_test_roc_auc_ovr_weighted,mean_test_roc_auc_ovr_weighted,std_test_roc_auc_ovr_weighted,rank_test_roc_auc_ovr_weighted,split0_train_roc_auc_ovr_weighted,split1_train_roc_auc_ovr_weighted,split2_train_roc_auc_ovr_weighted,split3_train_roc_auc_ovr_weighted,split4_train_roc_auc_ovr_weighted,mean_train_roc_auc_ovr_weighted,std_train_roc_auc_ovr_weighted
0.052712535858154295,0.0028450786984935213,0.06704921722412109,0.004461661097871539,0.3,balanced,"{'clf__C': 0.3, 'clf__class_weight': 'balanced'}",0.5813953488372093,0.5193798449612403,0.6328125,0.5078125,0.5,0.54828003875969,0.0510806534851834,7,0.621832358674464,0.6062378167641326,0.6089494163424124,0.6128404669260701,0.6167315175097277,0.6133183152433613,0.005542345362628382,0.42464234549391977,0.3712679738562092,0.49195286195286203,0.37555016687526077,0.4038502565331833,0.413452720942287,0.043808318046998716,3,0.5102426522667957,0.4893649340350283,0.4992455949515957,0.4931286673633287,0.5113063195199264,0.500657633627335,0.008848404871685029,0.6401916871021852,0.5673172214622282,0.6537339541245791,0.5730693436782958,0.5725178023196316,0.601366001737384,0.03752885606159423,1,0.6578066532106253,0.644308206653031,0.6590285835749692,0.6637143982187733,0.6721065696444485,0.6593928822603694,0.009061011217164424,0.430282696489593,0.356782835467046,0.5579658605974396,0.416036036036036,0.4865955429113324,0.44953259430028936,0.0681564833959486,2,0.5934632993649387,0.5612243794012353,0.5852174215879563,0.5746096472304505,0.5945082644388251,0.5818046024046811,0.01252412501931653,0.5813953488372093,0.5193798449612403,0.6328125,0.5078125,0.5,0.54828003875969,0.0510806534851834,7,0.621832358674464,0.6062378167641326,0.6089494163424124,0.6128404669260701,0.6167315175097277,0.6133183152433613,0.005542345362628382,0.41974127237285136,0.36272850926003486,0.4996047008547008,0.37594163083293514,0.4115259076603614,0.4139084041961767,0.04784226463533196,3,0.5271537128070147,0.5057909837847069,0.5126043376280164,0.5046121209485173,0.5206696847354841,0.5141661679807479,0.008658347300216468,0.6034958589018157,0.5413644327352615,0.6352526542467949,0.5332333752637761,0.5220910154602382,0.5670874673215772,0.04428209214458259,1,0.6334552529744544,0.619685717729938,0.6259954668568676,0.6306760972867386,0.6338761541619314,0.628737737801986,0.005326811934055033,0.8000516637666848,0.7404869722905303,0.7922247550071593,0.7402577235627812,0.756378847278324,0.7658799923810959,0.02550814587573968,11,0.8516261277044599,0.8631452436571951,0.8513554562402963,0.8593072402999921,0.8597323641574682,0.8570332864118824,0.004717775515539611,0.8351260253530954,0.7711633359491801,0.8277424702112353,0.766569482560231,0.7765043893076945,0.7954211406762872,0.02966428478379599,10,0.8447391140035178,0.8568571925913163,0.8424990391532506,0.8564963638557925,0.8559649600721435,0.8513113339352042,0.0063268939281116
0.06811113357543945,0.010974252360550923,0.0625068187713623,0.00139103884819912,1.0,balanced,"{'clf__C': 1.0, 'clf__class_weight': 'balanced'}",0.5658914728682171,0.5038759689922481,0.640625,0.5,0.515625,0.5452034883720931,0.05321553114898339,9,0.6140350877192983,0.6081871345029239,0.6167315175097277,0.6186770428015564,0.6264591439688716,0.6168179853004756,0.00597748469470679,0.4207142857142857,0.3506930044745171,0.5072356739305892,0.37502661963309547,0.43368253968253967,0.41747042468700546,0.05402195056908813,1,0.5050697429108816,0.49641370835451226,0.5137800691034733,0.5025247738206657,0.5186207826682491,0.5072818153715564,0.0079553496458916,0.63859357696567,0.556050750109769,0.6611441623789347,0.5607836789061729,0.5751178075396826,0.5983379951800458,0.04313430510301347,2,0.6555163325630212,0.6430669517592275,0.663417380804292,0.6632720499734507,0.6820945568898431,0.6614734543979669,0.012700632297993118,0.41545821683752715,0.3399407302038881,0.5731958274063538,0.41063063063063066,0.521190137505927,0.4520831085168654,0.08376117926536397,1,0.599206542608182,0.5761843502891538,0.605288744252879,0.5917943319151351,0.602714369462884,0.5950376677056468,0.010462912050254684,0.5658914728682171,0.5038759689922481,0.640625,0.5,0.515625,0.5452034883720931,0.05321553114898339,9,0.6140350877192983,0.6081871345029239,0.6167315175097277,0.6186770428015564,0.6264591439688716,0.6168179853004756,0.00597748469470679,0.4116675383191858,0.3427961317112261,0.5183944716758955,0.3726182378002936,0.4495720413528632,0.41900968417189277,0.06136118096079828,1,0.5211549883196248,0.5160619543163355,0.5314759726279091,0.5178500719376623,0.5292226857994681,0.5231531346002,0.006140178899277515,0.5951273844530248,0.5267687726277019,0.6442373585118997,0.5243624914969031,0.5320209185791377,0.5645033851337334,0.047719259846297254,2,0.6265913256312283,0.6199923630614833,0.6317569627686748,0.6336891052634717,0.6445973794004061,0.6313254272250528,0.008158038643887531,0.7938145175403803,0.7293840449083986,0.7890605009264512,0.728144374347871,0.7518982564291001,0.7584603388304402,0.028262474657212374,12,0.854989393211986,0.8660828893757413,0.8534517084202633,0.8625776230111528,0.8639047996670811,0.8602012827372448,0.005033425737625349,0.8326124708087455,0.7657715575151122,0.8268514466663947,0.7615437215496917,0.772551752154984,0.7918661897389856,0.031169398552005907,11,0.8474720983626607,0.8591036978779628,0.8438250516420215,0.8593134508709543,0.8592000540183795,0.8537828705543958,0.006741341140681096
0.07182416915893555,0.0014761705884895097,0.05502004623413086,0.000467750259810542,3.0,balanced,"{'clf__C': 3.0, 'clf__class_weight': 'balanced'}",0.5503875968992248,0.4883720930232558,0.640625,0.5,0.5234375,0.5405644379844962,0.05435339369017988,11,0.6062378167641326,0.6081871345029239,0.6186770428015564,0.6186770428015564,0.6284046692607004,0.6160367412261739,0.008056590780319475,0.39666666666666667,0.34019607843137256,0.5072356739305892,0.3737838915470494,0.4494761904761905,0.4134717002103737,0.058847012061968865,2,0.499337927674818,0.4949720665307299,0.5179848694685651,0.5046301591578519,0.5220189517415937,0.5077887949147117,0.010508282095994397,0.624344776670358,0.5462836297309621,0.6611441623789347,0.5582067072866826,0.5748883928571428,0.5929735337848161,0.04323688511163619,3,0.652351767340403,0.6432098331195383,0.6674950863872473,0.662275497751443,0.6876487369753932,0.6625961843148049,0.015049991149568695,0.3808636222429326,0.3239319582740635,0.5731958274063538,0.41063063063063066,0.5284921763869133,0.4434228429881788,0.09310733138805118,4,0.5947494539405669,0.5742023683071718,0.6182667331588156,0.5931890353736943,0.6059930579874742,0.5972801297535446,0.01464293063270237,0.5503875968992248,0.4883720930232558,0.640625,0.5,0.5234375,0.5405644379844962,0.05435339369017988,11,0.6062378167641326,0.6081871345029239,0.6186770428015564,0.6186770428015564,0.6284046692607004,0.6160367412261739,0.008056590780319475,0.3837755149486214,0.329943550190029,0.5183944716758955,0.37389988253365863,0.46799999999999997,0.4148026838696409,0.06840761636193442,2,0.514144072492863,0.5146222201343402,0.5380597147822525,0.5205108029180093,0.5306057987989024,0.5235885218252735,0.009356517991220588,0.58153321633519,0.5141032456582735,0.6442373585118997,0.5234904445649227,0.5370833333333334,0.5600895196807238,0.04800876006359071,3,0.6201539115626321,0.620251898623663,0.633806170336423,0.6330442091022723,0.6477453974086202,0.6310003174067221,0.010253009648556329,0.7851632186204227,0.7249451564259426,0.7831203495496126,0.7211895262216442,0.7516371227231435,0.7532110747081532,0.027358081989766418,13,0.8557871694876713,0.8671406897659694,0.8540904550408651,0.8630050941990406,0.8658794186495022,0.8611805654286098,0.005296972607604152,0.826518800621181,0.7621682582655794,0.8235257490519987,0.7588222162196481,0.769105517894997,0.7880281084106808,0.030401961443200263,12,0.8482729446660656,0.8601660338771633,0.8442716710945682,0.8597701044249201,0.8605699035162664,0.8546101315157968,0.0069290108214552565
0.04479360580444336,0.0009879740733609343,0.06267681121826171,0.0027320600951213562,0.1,balanced,"{'clf__C': 0.1, 'clf__class_weight': 'balanced'}",0.5736434108527132,0.5116279069767442,0.6171875,0.5078125,0.5,0.5420542635658915,0.04584691936179353,10,0.6120857699805068,0.6179337231968811,0.5953307392996109,0.6089494163424124,0.5972762645914397,0.6063151826821702,0.0086901022446464,0.41276698577934756,0.3609181495529997,0.48238095238095247,0.37746271158035866,0.39669264069264065,0.4060442879972598,0.04198382827559559,4,0.4979324262524746,0.49356845339113675,0.48296725672151314,0.49209212024207866,0.48836768338820324,0.4909855879990813,0.005045814701028233,0.6229729427895593,0.5460090675484425,0.6382440476190476,0.5611023389056476,0.5605029085497835,0.5857662610824961,0.037324082626284415,4,0.6406468698896315,0.6485532970097871,0.6350221869414936,0.6509421702368325,0.6441446896098324,0.6438618427375153,0.005669150695551416,0.40706430568499535,0.3700616405879563,0.5490516832622095,0.4201706970128023,0.48469890943575156,0.446209447196743,0.06335110305091586,3,0.5857384239286741,0.5664645540737243,0.5695526065115871,0.5748602858710956,0.5600454819842392,0.5713322704738641,0.008651446251199672,0.5736434108527132,0.5116279069767442,0.6171875,0.5078125,0.5,0.5420542635658915,0.04584691936179353,10,0.6120857699805068,0.6179337231968811,0.5953307392996109,0.6089494163424124,0.5972762645914397,0.6063151826821702,0.0086901022446464,0.40519246519246527,0.35573598453465893,0.48769451812555265,0.3778604193971167,0.4083429254255475,0.4069652625350682,0.04470745864434588,4,0.5148023211828722,0.5096810851857676,0.49700065047644915,0.5051559005449165,0.4950030281721653,0.504328597112434,0.0074792712667451485,0.5937025820746752,0.526579877501825,0.6194424009449603,0.5266814025638925,0.5179323795603082,0.5568677285291322,0.04151367403188004,4,0.6194173238595814,0.6278355293023902,0.6080182352935366,0.6225539171359407,0.6112106581404151,0.6178071327463728,0.007280513793902599,0.8089653185454901,0.7474029547925438,0.7912670439749865,0.7508547922218783,0.7569471843463146,0.7710874587762426,0.02454470128276062,9,0.8453558197045743,0.8575166473270016,0.8449790998370412,0.8525120084424757,0.8532739123316013,0.8507274975285387,0.004850984667080902,0.8363069263088271,0.7719864806755523,0.8258927708469574,0.773917453285779,0.7771121589885664,0.7970431580211365,0.02804932684359176,8,0.8392005194973028,0.8523151504226948,0.8379844758818072,0.8511954779125193,0.8503454678821412,0.8462082183192929,0.006261341619316123
0.07565641403198242,0.019107583655174065,0.05454726219177246,0.0006122169339118827,10.0,balanced,"{'clf__C': 10.0, 'clf__class_weight': 'balanced'}",0.5426356589147286,0.4883720930232558,0.625,0.4921875,0.5078125,0.5312015503875969,0.05066042678719586,13,0.6023391812865497,0.6101364522417154,0.6147859922178989,0.6128404669260701,0.6303501945525292,0.6140904574449526,0.009166809087391864,0.38338847117794483,0.3375,0.4948551608034366,0.35495590580729897,0.41328229665071764,0.39679636688787967,0.05537827718740446,5,0.49529385437502305,0.49771464796865006,0.5165304389478911,0.4982624470472768,0.5210241545893719,0.5057651085856426,0.010765480331139112,0.6109106098579783,0.5424741602067182,0.6533601664090619,0.5536851010589642,0.5525696343130553,0.5825999343691555,0.04279361878580803,5,0.6460644802038047,0.6491218388739658,0.6679461299315665,0.6576360228496692,0.6896975507058404,0.6620932045129693,0.01575626518303828,0.36753028890959927,0.3239319582740635,0.5642816500711237,0.3606306306306306,0.4632622095779991,0.4159273474926833,0.08730720711931308,6,0.5905389276247776,0.5780136905464417,0.616520008267986,0.5872076441464015,0.6029571012776682,0.595047474372655,0.01338336006281748,0.5426356589147286,0.4883720930232558,0.625,0.4921875,0.5078125,0.5312015503875969,0.05066042678719586,13,0.6023391812865497,0.6101364522417154,0.6147859922178989,0.6128404669260701,0.6303501945525292,0.6140904574449526,0.009166809087391864,0.37094917569017655,0.32847801718769465,0.504163744740533,0.34855042016806725,0.424760048418635,0.3953802812410213,0.0631867713882742,5,0.5116485810970655,0.5174643445189119,0.536994182962278,0.5129601639877651,0.5290664033134704,0.5216267351758981,0.009833673010890567,0.5716530586163271,0.5121921567908064,0.6312907471730365,0.5186632856267506,0.5210486824544523,0.5509695861322746,0.04543554005515474,5,0.6156760971476138,0.6236361565483032,0.631250240493159,0.6275624060028834,0.6502133699910514,0.6296676540366022,0.011499614944736343,0.7834666628005359,0.7174987563088087,0.7789561893322787,0.7164494662553903,0.7499810293846402,0.7492704208163307,0.028767295690182538,14,0.8564155555766361,0.8675788722248292,0.8544617116554605,0.8628764438273157,0.8671600704509658,0.8616985307470415,0.005405102927290184,0.8243944649692037,0.7576431230520143,0.8221923012725831,0.7572128807079614,0.7675456904272315,0.7857976920857989,0.03084537313245188,14,0.8486756565089718,0.860863034808173,0.8447070419076425,0.8596285093674217,0.8613499097549441,0.8550448304694307,0.006957756650683986
0.041019105911254884,0.0015829845797622518,0.06372971534729004,0.0017737965515708888,0.03,balanced,"{'clf__C': 0.03, 'clf__class_weight': 'balanced'}",0.5426356589147286,0.5116279069767442,0.578125,0.53125,0.5234375,0.5374152131782945,0.02272844595266803,12,0.5964912280701754,0.594541910331384,0.5778210116731517,0.5992217898832685,0.5875486381322957,0.5911249156180551,0.007691763853652027,0.3639872408293461,0.35004995004995,0.43043314500941615,0.3822964669738863,0.39561956521739133,0.3844772736159979,0.027734205403395218,8,0.48064451212764714,0.46277081226828454,0.4475375253893585,0.48195937790928933,0.4706011328541554,0.46870267210974703,0.012689384080727702,0.5753038339329649,0.5264580380859449,0.6167196327683615,0.5558860767089094,0.5805982506793479,0.5709931664351057,0.02970976619905998,6,0.6161088937805441,0.6191411986256445,0.6060525320057492,0.634945658371717,0.6309938676628947,0.6214484300893099,0.010432240340382877,0.3903976390183287,0.36296704599336177,0.455542911332385,0.42276908487434806,0.4891939307728781,0.42417412239826036,0.044945984386281196,5,0.5666894612472697,0.5440371375742554,0.5311758855999675,0.5461982823613936,0.5207828450900611,0.5417767223745895,0.015481762506188714,0.5426356589147286,0.5116279069767442,0.578125,0.53125,0.5234375,0.5374152131782945,0.02272844595266803,12,0.5964912280701754,0.594541910331384,0.5778210116731517,0.5992217898832685,0.5875486381322957,0.5911249156180551,0.007691763853652027,0.36419014546708084,0.3485108330790357,0.41515907715998457,0.3849710100701861,0.4029921426614235,0.38316464168754216,0.024417021197102082,6,0.49527255034846895,0.47492895291737947,0.45759899894312595,0.4860218423346058,0.469740592478594,0.4767125874044348,0.01302500503597965,0.5547932782037677,0.5174664622823388,0.5877392505619947,0.5397455275404334,0.5393861390595261,0.5478261315296121,0.02323720015062576,6,0.5996781124121771,0.6007798253704218,0.585049294866302,0.6106327720703499,0.59986772134779,0.5992015452134082,0.008174607177510364,0.8100366273591245,0.7549990843033147,0.7822070495978098,0.7603817510993125,0.7582643904752229,0.7731777805669569,0.020768798030174097,8,0.8314849773367012,0.8461772166144877,0.8330069062740495,0.8392293586958072,0.8402444236887557,0.8380285765219604,0.005306374548206056,0.8298179841530037,0.7721789575617986,0.8179146191365125,0.7820718956103603,0.7753652267360008,0.7954697366395351,0.0237053947881148,9,0.8275480222844804,0.8435058975931576,0.8289437249682653,0.8396220741166852,0.8398700363060259,0.8358979510537228,0.006412643375171109
0.052887678146362305,0.006148338425116925,0.06949825286865234,0.008727883565116938,0.3,,"{'clf__C': 0.3, 'clf__class_weight': None}",0.627906976744186,0.5348837209302325,0.6328125,0.5390625,0.5234375,0.5716206395348837,0.048257318859624504,3,0.6276803118908382,0.6413255360623782,0.622568093385214,0.6361867704280155,0.6381322957198443,0.633178601497258,0.006968138640512622,0.3591231463571889,0.27899786780383795,0.3958245243128964,0.35179487179487184,0.5490248532382168,0.38695305270140234,0.08945489908982052,7,0.5088252794423902,0.5192072793808571,0.515254152488733,0.5207131903496836,0.515173253004455,0.5158346309332237,0.004125057183663847,0.5506100090464267,0.46855010660980806,0.5854068941596194,0.5020432692307693,0.539310128842997,0.5291840815779241,0.040337859316017396,9,0.6083009254806209,0.621251607260506,0.5995522560649954,0.6091026245156775,0.6157904516824574,0.6107995730008514,0.007345459849822658,0.3895060577819199,0.3057183499288762,0.38074917022285437,0.3351920341394026,0.39397344713134186,0.361027811840879,0.03467558604965836,10,0.42670557097218015,0.4513893150792715,0.44469880217392566,0.42941637499766216,0.43391629567143203,0.43722527177889436,0.009370870568553315,0.627906976744186,0.5348837209302325,0.6328125,0.5390625,0.5234375,0.5716206395348837,0.048257318859624504,3,0.6276803118908382,0.6413255360623782,0.622568093385214,0.6361867704280155,0.6381322957198443,0.633178601497258,0.006968138640512622,0.37076292882744494,0.2904223946281929,0.3778101802757158,0.33439348070295694,0.4148046026021402,0.35763871740729014,0.04220295332591841,10,0.44138016805505353,0.46412505214047606,0.4605266774152271,0.44317218477452147,0.4428863572629095,0.4504180879296376,0.009807940908205288,0.5845747151073483,0.49862887662843974,0.6008986860418876,0.5134504234020678,0.5153804386448024,0.5425866279649092,0.04167655128549402,7,0.6044880244134986,0.6214307317980181,0.600073419215487,0.6117819113585838,0.6145905592234846,0.6104729292018144,0.0075194500104781474,0.820529126716135,0.7695903067705927,0.8213894744773619,0.7768540805324864,0.7843151948550868,0.7945356366703326,0.022073307282276262,4,0.8554367427004934,0.8678028302195958,0.8574738886033403,0.8647248507160233,0.8643428353093094,0.8619562295097524,0.004693377861285649,0.8424527622811473,0.7942853064260262,0.8490213336836331,0.7823019045590657,0.7876332733508253,0.8111389160601397,0.028578898366955204,3,0.8553757923257608,0.8660472134256098,0.8539160901932462,0.8672759752450104,0.8674332209231704,0.8620096584225594,0.0060492148176093715
0.057415008544921875,0.0057071285110621445,0.05892248153686523,0.005435166049024111,1.0,,"{'clf__C': 1.0, 'clf__class_weight': None}",0.6124031007751938,0.5503875968992248,0.609375,0.5390625,0.5078125,0.5638081395348837,0.040904225498452323,5,0.6296296296296297,0.6374269005847953,0.6167315175097277,0.642023346303502,0.6536964980544747,0.6359015784164258,0.012355487780382337,0.3769938173528599,0.287431693989071,0.37831356040311265,0.35914529914529914,0.5341857390729572,0.38721402199266,0.08065819562203844,6,0.5152826801822186,0.5318387961245105,0.4994882882882883,0.5463024894720154,0.5243775644825509,0.5234579637099166,0.015712014354717203,0.558316853235829,0.4975558097174566,0.5678996842709529,0.5004974626068376,0.5250836892196149,0.5298706998101382,0.02893213424459408,8,0.6072058185373195,0.6192548068905629,0.5934967574578469,0.6225738506471187,0.636677847866087,0.6158418162797871,0.014594458637862108,0.3826095060577819,0.31842579421526784,0.36642958748221904,0.37565196775723086,0.3850592697961119,0.36563522506172236,0.02447495142346985,8,0.4503542196208287,0.473921869467721,0.4416007259317446,0.4741323532351881,0.4587511004095942,0.4597520537330154,0.012855882593060138,0.6124031007751938,0.5503875968992248,0.609375,0.5390625,0.5078125,0.5638081395348837,0.040904225498452323,5,0.6296296296296297,0.6374269005847953,0.6167315175097277,0.642023346303502,0.6536964980544747,0.6359015784164258,0.012355487780382337,0.3730127795701566,0.301761058288549,0.3656762874929259,0.36599809404687456,0.405953114143227,0.36248026670834665,0.033794183583707296,8,0.46689142851211474,0.48855961189588043,0.45554221655781274,0.4951476548066035,0.4713173671640104,0.47549165578728436,0.014467193885263413,0.5792725087425812,0.5221550323504812,0.5829099904499151,0.5179949940811222,0.5021466763941451,0.540895840403649,0.033511555729675284,8,0.6087927144738284,0.6212380184149514,0.5960618191298646,0.6249452034725637,0.6368116067474854,0.6175698724477388,0.01398377632149532,0.8111594306493766,0.7601232542803837,0.8185190862512277,0.7674643574505199,0.7733462488154563,0.7861224754893927,0.02393201350822025,5,0.8609658337104588,0.87338188448108,0.8620320251193876,0.8692171868211223,0.8687516503841085,0.8668697161032315,0.004684436225485438,0.8392683550019658,0.7903366833683517,0.8464151843974375,0.7775933910932822,0.7791554898691265,0.8065538207460328,0.030038440801649722,5,0.8580666381184949,0.8691291333060656,0.8566182164969935,0.8693829294834272,0.8702281071638861,0.8646850049137734,0.0060236634929663364
0.06644964218139648,0.001831583577503639,0.05505304336547852,0.0011639756522333973,3.0,,"{'clf__C': 3.0, 'clf__class_weight': None}",0.6124031007751938,0.5426356589147286,0.609375,0.5390625,0.5,0.5606952519379844,0.043638189621349785,6,0.6374269005847953,0.631578947368421,0.6186770428015564,0.6459143968871596,0.6478599221789884,0.6362914419641841,0.010584846955762091,0.36735627562427275,0.28252199413489737,0.37446386946386945,0.3655555555555555,0.524746963562753,0.38292893166826963,0.07849828834719651,9,0.5352172316580318,0.5306856360396572,0.4971910230586537,0.5659094088139855,0.5142037425265936,0.5286414084193845,0.022951675786363535,0.5650464624672717,0.48858805610493533,0.569354148455711,0.5042534722222223,0.517580101847166,0.5289644482194612,0.032569090729093975,10,0.617634935144333,0.6124500132017139,0.5950412369126094,0.6274528802096666,0.6313377914700218,0.6167833713876688,0.012789785987007788,0.38456663560111837,0.3130203888098625,0.36642958748221904,0.37565196775723086,0.3796538643907065,0.36386448880822747,0.026109500795469975,9,0.47081759283010366,0.4755485070223061,0.44295207728309594,0.5112369796957098,0.45414903109136767,0.47094083758451666,0.023282441214256926,0.6124031007751938,0.5426356589147286,0.609375,0.5390625,0.5,0.5606952519379844,0.043638189621349785,6,0.6374269005847953,0.631578947368421,0.6186770428015564,0.6459143968871596,0.6478599221789884,0.6362914419641841,0.010584846955762091,0.3728375687624447,0.2967486253760763,0.3650455619430336,0.3686435966923772,0.4008700344916587,0.3608290774531181,0.03444599220484416,9,0.4888603391983926,0.49034396653437656,0.45649608286678217,0.529463924594555,0.4649909475001218,0.4860310521388456,0.02540874226998495,0.5854245592885515,0.513928798622521,0.5846917818970809,0.5195450932874713,0.49615873348741174,0.5399497933166073,0.03763216908829785,9,0.6187410115585106,0.6152753233389394,0.5987258790538328,0.6311924795478671,0.6319376820415386,0.6191744751081376,0.012172659838329485,0.7980606118287333,0.755828236208911,0.8147271978195763,0.758755439568638,0.7674791398065303,0.7789701250464778,0.023320541197009593,6,0.8632585770460738,0.8754167291498434,0.8640563719932943,0.870896068440819,0.8706543328600581,0.8688564158980178,0.004578353834282203,0.8357495481346623,0.7863760934355261,0.844684916314572,0.7750077499413408,0.7757693728709628,0.8035175361394128,0.03036528715342887,6,0.8592623021292167,0.870583777498218,0.8576009956411591,0.8703793665820557,0.871074911070491,0.8657802705842281,0.006027321659304347
0.04349870681762695,0.0076959692263914355,0.0652928352355957,0.005228601140637684,0.01,balanced,"{'clf__C': 0.01, 'clf__class_weight': 'balanced'}",0.5581395348837209,0.4883720930232558,0.5546875,0.5390625,0.5078125,0.5296148255813954,0.027231823239815867,14,0.5828460038986355,0.5847953216374269,0.5719844357976653,0.5933852140077821,0.5778210116731517,0.5821663974029322,0.007152477513486917,0.3817658544522638,0.3122100122100122,0.37444516268045686,0.4156362217017954,0.3556644880174292,0.3679443478123915,0.03395561984841471,10,0.4501938502673797,0.43053456371538096,0.4437590043925749,0.4715013713653409,0.4504303326773734,0.44928382448361,0.013250059877606305,0.5671533346766704,0.48054443403280606,0.5597375969618616,0.5662138344067135,0.544215516067538,0.5435729432291179,0.03256669070015337,7,0.5856518617548029,0.5871986171193329,0.5928260838794098,0.622247064032755,0.6144624572190737,0.6004772168010748,0.014994434932873498,0.42603292948120525,0.3366963015647226,0.4136462778568042,0.4323091512565197,0.44701280227596013,0.41113949248704246,0.03874257585838577,7,0.5350570350333077,0.5146626539202959,0.5217939272223759,0.535868315878338,0.49198025841003157,0.5198724380928698,0.016095016305866478,0.5581395348837209,0.4883720930232558,0.5546875,0.5390625,0.5078125,0.5296148255813954,0.027231823239815867,14,0.5828460038986355,0.5847953216374269,0.5719844357976653,0.5933852140077821,0.5778210116731517,0.5821663974029322,0.007152477513486917,0.37839970770917064,0.3121679560161534,0.36329307056579785,0.3967484317952188,0.362033462033462,0.36252852562396054,0.02814218537107994,7,0.4572317860054259,0.4380296136659987,0.44741942658371486,0.46997216488144716,0.44360774834679984,0.45125214789667734,0.011261945803848835,0.5565381663282097,0.4794157589171048,0.5467324105818423,0.5439694325772507,0.5159115588803088,0.5285134654569432,0.028019969938778987,10,0.5752559966772012,0.5775459931315547,0.5730706223272357,0.5989130374570966,0.5873126464355823,0.582419659205734,0.009575468892485743,0.7926214620629635,0.7561115495966189,0.768551856722642,0.756379375320546,0.7624160785371308,0.7672160644479803,0.013498166653657464,10,0.8122120141328312,0.8274366617149601,0.8162766411617832,0.822699176187234,0.8244973007775005,0.8206243587948618,0.005574624816389583,0.8136254306805716,0.7673088810010567,0.8027306859365861,0.7817881535704875,0.7729852942977922,0.7876876890972988,0.017693608699434833,13,0.8108133955798258,0.8277809649533117,0.8147671045793473,0.8246509497621953,0.8264651617457331,0.8208955153240826,0.006807939812770648
0.06028380393981934,0.005411856812971854,0.055081844329833984,0.0012957019422779666,10.0,,"{'clf__C': 10.0, 'clf__class_weight': None}",0.5891472868217055,0.5271317829457365,0.609375,0.53125,0.484375,0.5482558139534884,0.04521912923070845,8,0.6413255360623782,0.6413255360623782,0.6206225680933852,0.6459143968871596,0.642023346303502,0.6382422766817606,0.008973572571569789,0.3309267793138761,0.27047779178926723,0.37401709401709404,0.36068057625434674,0.3123612849395077,0.32969270526281835,0.03669661192506653,11,0.574807881773399,0.5537930160786902,0.509110247231891,0.5603830192364027,0.5064506079961346,0.5409089544633036,0.02790308562905407,0.5344570269551515,0.47857165356212245,0.5729166666666667,0.495371879657228,0.48134631179599496,0.5125327077274328,0.0361865632024946,11,0.6286748800481406,0.6253322198711143,0.6007112908613347,0.6272331271607184,0.6267166752509052,0.6217336386384427,0.010565460265840813,0.3604224914569742,0.2961782835467046,0.36642958748221904,0.3702465623518255,0.3242484589853011,0.34350507676460496,0.028766236623914563,11,0.5068767538029834,0.501859829261576,0.45727012483884844,0.5015923241231066,0.4505183211345069,0.4836234706322043,0.024440169425869743,0.5891472868217055,0.5271317829457365,0.609375,0.53125,0.484375,0.5482558139534884,0.04521912923070845,8,0.6413255360623782,0.6413255360623782,0.6206225680933852,0.6459143968871596,0.642023346303502,0.6382422766817606,0.008973572571569789,0.3442500700869078,0.2820646075710152,0.36565372447512223,0.36366394643230804,0.31401058201058196,0.333928586115187,0.031886700194488346,11,0.5291973747840049,0.517214651467731,0.4712947193261388,0.5212457256761054,0.46067686456536105,0.49992586716386817,0.028179731792643315,0.5596903571281102,0.5010257023004939,0.5872347524805867,0.5113746338146056,0.4785094246031746,0.5275669740653942,0.03991348060325539,11,0.6278159449871884,0.6274849371962068,0.6028503217877874,0.6313437730223427,0.6277056656059592,0.6234401285198968,0.010393370880543103,0.7923838689568058,0.750853173407911,0.8120754901451279,0.7489343794181818,0.7639376020117197,0.7736369027879493,0.024707744370525617,7,0.8642894832004796,0.8763449499140231,0.8647267274888154,0.8718254986745586,0.8720481677935499,0.8698469654142853,0.004649432939735934,0.8335580644981293,0.7825336544107699,0.84317828198453,0.7717626391487554,0.7744053301747672,0.8010875940433904,0.030796435909139244,7,0.8600866666012553,0.8712095141554315,0.8578784641460011,0.870914074123263,0.8715496824317168,0.8663276802915336,0.00604112774178252
0.04533152580261231,0.0039053557883965175,0.0626004695892334,0.0028504332245623334,0.1,,"{'clf__C': 0.1, 'clf__class_weight': None}",0.6124031007751938,0.5426356589147286,0.625,0.5234375,0.5234375,0.5653827519379845,0.04427497720507912,4,0.6179337231968811,0.6413255360623782,0.6089494163424124,0.622568093385214,0.6245136186770428,0.6230580775327856,0.010595962000333223,0.33151515151515154,0.28204025796365056,0.34976657329598504,0.28106060606060607,0.3086752287121745,0.3106115635095136,0.02706807256558072,12,0.5226063829787234,0.5375502277901537,0.4799144841024419,0.5036712189781996,0.4224322910037196,0.49323492097064764,0.04031350137037175,0.5305379375146817,0.46518899609600467,0.5513465802987861,0.4578302556818182,0.4899831902049613,0.4989773919592504,0.0364807842764929,12,0.5949696196756666,0.6255502528797057,0.5801257595886318,0.5894698790962531,0.583462509476962,0.5947156041434438,0.016234860156812986,0.3608822615719167,0.31905168326220956,0.3575912754860123,0.2987008060692271,0.3161119013750593,0.330467585552885,0.024520537698093686,12,0.4001971449447721,0.4353207246547858,0.39779813925171503,0.39564634270608207,0.39093292161085136,0.40397905463364125,0.01596522790619426,0.6124031007751938,0.5426356589147286,0.625,0.5234375,0.5234375,0.5653827519379845,0.04427497720507912,4,0.6179337231968811,0.6413255360623782,0.6089494163424124,0.622568093385214,0.6245136186770428,0.6230580775327856,0.010595962000333223,0.34023285131627734,0.2987724137931035,0.3428966740576497,0.28429937828790053,0.3036439544668776,0.31396905438436173,0.023428313906374593,12,0.4050930412045779,0.44368826971194064,0.4052607289764699,0.40009086348783296,0.37903028034351394,0.40663263674486705,0.020890463356263322,0.5646400105773569,0.500495589414595,0.5787178492239468,0.4848026138809182,0.49981981738641185,0.5256951760966457,0.038222660818397265,12,0.5854215048233238,0.614153352244157,0.5760168300103239,0.5889396656346315,0.5847357894096923,0.5898534284244257,0.012873266031936172,0.8222036062849307,0.7767082267379063,0.8229542787060309,0.7790056106445913,0.7964008575386707,0.7994545159824259,0.020073047558651573,2,0.8471389005094571,0.859608060370784,0.8491605974663446,0.85649392055172,0.85660813649327,0.8538019230783152,0.004791047642750659,0.8423974862604038,0.7973971255442989,0.8484407125201967,0.7853018796809934,0.7966335551186738,0.8140341518249133,0.02605150679298617,2,0.8497385618950701,0.8605931711255506,0.8485707943162728,0.8615757497363999,0.8609886214715936,0.8562933797089773,0.005848775876423956
0.04768447875976563,0.0034390189061501235,0.06784615516662598,0.0032676082292628934,0.03,,"{'clf__C': 0.03, 'clf__class_weight': None}",0.6124031007751938,0.5503875968992248,0.609375,0.546875,0.546875,0.5731831395348836,0.030828328852683006,2,0.5886939571150097,0.6120857699805068,0.5933852140077821,0.6245136186770428,0.6070038910505836,0.6051364901661851,0.012928280394678415,0.33467415951887997,0.278989898989899,0.3194321206743567,0.28380952380952384,0.2825,0.2998811405985319,0.022758031014065924,13,0.3717650954405773,0.5988743058198889,0.4905776123518059,0.5056907643963482,0.3961382113821138,0.47260919787814687,0.08170370397680957,0.524485898167828,0.46211729700101795,0.5221411934338953,0.46004464285714286,0.46988932291666663,0.4877356708753101,0.029243479398689747,13,0.5350748564035028,0.5872697067701707,0.5571906255397532,0.5860609756371078,0.5542959729208186,0.5639784274542705,0.020026798179082313,0.35892513202858034,0.31463252726410623,0.33092460881934566,0.3031958274063537,0.3266382171645329,0.32686326253658377,0.018730974482492255,13,0.33695092849536334,0.3799227939730123,0.35871279164481973,0.37843783919218815,0.3645828310951083,0.3637214368800984,0.01563038780662268,0.6124031007751938,0.5503875968992248,0.609375,0.546875,0.546875,0.5731831395348836,0.030828328852683006,2,0.5886939571150097,0.6120857699805068,0.5933852140077821,0.6245136186770428,0.6070038910505836,0.6051364901661851,0.012928280394678415,0.3389244949032534,0.29316748164453177,0.30358065706902915,0.28123036344594854,0.3023172905525847,0.3038440575230695,0.019279034811266586,13,0.3173516421481695,0.371970648651042,0.3553535998772114,0.37506056877477506,0.3454499658814614,0.35303728506653187,0.02088011072351965,0.5599522477213335,0.5007142007244731,0.548639950166113,0.49183790065034977,0.5047459893048128,0.5211780577134164,0.027594276505782486,13,0.5358971179572601,0.5626174912774267,0.544914295389432,0.576408937883626,0.5560864771223005,0.5551848639260091,0.014028684141277673,0.8137164888608661,0.7800463102863094,0.8160711000699822,0.7850303975403156,0.8138642720851623,0.8017457137685271,0.015783798736452272,1,0.8319754142480548,0.8453392092315839,0.8351385230341247,0.8437660327536178,0.8405217899546356,0.8393481938444033,0.005076733223922675,0.8363946831670908,0.7989610642981473,0.840796986243699,0.793317068901198,0.8077654171470058,0.8154470439514283,0.019503609276980756,1,0.8375601972768654,0.8502711333496085,0.8382310529211382,0.850929314990978,0.8482301482086468,0.8450443693494474,0.00590821371348662
0.03942251205444336,0.002183731963747213,0.07090339660644532,0.005103562399172085,0.01,,"{'clf__C': 0.01, 'clf__class_weight': None}",0.6124031007751938,0.5503875968992248,0.5859375,0.5546875,0.5859375,0.5778706395348837,0.022871007612469386,1,0.5750487329434698,0.6003898635477583,0.5894941634241245,0.6070038910505836,0.603112840466926,0.5950098982865726,0.011552740051956304,0.3511278195488722,0.21730545876887342,0.3284625850340136,0.21590436590436593,0.286,0.27976004585122505,0.05564594645127566,14,0.285072947913826,0.32247824317389534,0.3280692817116658,0.31467697105280995,0.3437854333378544,0.3188165754380103,0.019381604535094778,0.5174855744011191,0.4099568736551153,0.4971269132653061,0.4176236031704782,0.479765625,0.46439171789840383,0.043075088987961904,14,0.463283640881132,0.4979513002057286,0.49368621045766925,0.4975083137541028,0.5108759956535069,0.4926610921904279,0.015794619835840806,0.35696800248524385,0.28515884305357986,0.31470839260312944,0.2889521100047416,0.3283262209577999,0.31482271382089894,0.02648704023348366,14,0.31088193456614505,0.34003029230103465,0.32732758959833197,0.3351178252488296,0.34321098390967386,0.33131372512480295,0.011535526252007959,0.6124031007751938,0.5503875968992248,0.5859375,0.5546875,0.5859375,0.5778706395348837,0.022871007612469386,1,0.5750487329434698,0.6003898635477583,0.5894941634241245,0.6070038910505836,0.603112840466926,0.5950098982865726,0.011552740051956304,0.33879452681826355,0.24584281941535382,0.2834307507358123,0.24705377819710095,0.2994581449432764,0.28291600402196143,0.03480470358536563,14,0.27973673185897296,0.31626654924176306,0.3014871434321998,0.3051168148666257,0.32019330956950914,0.3045601097938141,0.01419430022698514,0.5501976350702739,0.46856550673502995,0.5125314792936202,0.4763447229608029,0.5234901619072353,0.5062259011933924,0.03027381217038956,14,0.5017175856242964,0.5344220333789408,0.5196819907231713,0.5341355075930465,0.5373052740966137,0.5254524782832137,0.013363983997414716,0.8011820030267625,0.7774936719409107,0.8023702821959147,0.7875833527546479,0.819887175454177,0.7977032970744825,0.014400339067308279,3,0.8178079333646554,0.8294694780512115,0.8201982083088051,0.8278724841384,0.8223428753792652,0.8235381958484673,0.004458393869352782,0.8272609570942172,0.795136079443877,0.8254106733669602,0.7965921949610054,0.8079727653102402,0.81047453403526,0.013704879652359099,4,0.8247657136623902,0.8366566067735788,0.8259779508872991,0.8366148873359921,0.8335984929054682,0.8315227303129455,0.0051574682528519305
