mean_fit_time,std_fit_time,mean_score_time,std_score_time,param_clf__min_samples_leaf,param_clf__max_leaf_nodes,param_clf__max_iter,param_clf__max_depth,param_clf__learning_rate,param_clf__l2_regularization,param_clf__class_weight,params,split0_test_accuracy,split1_test_accuracy,split2_test_accuracy,split3_test_accuracy,split4_test_accuracy,mean_test_accuracy,std_test_accuracy,rank_test_accuracy,split0_train_accuracy,split1_train_accuracy,split2_train_accuracy,split3_train_accuracy,split4_train_accuracy,mean_train_accuracy,std_train_accuracy,split0_test_precision_macro,split1_test_precision_macro,split2_test_precision_macro,split3_test_precision_macro,split4_test_precision_macro,mean_test_precision_macro,std_test_precision_macro,rank_test_precision_macro,split0_train_precision_macro,split1_train_precision_macro,split2_train_precision_macro,split3_train_precision_macro,split4_train_precision_macro,mean_train_precision_macro,std_train_precision_macro,split0_test_precision_weighted,split1_test_precision_weighted,split2_test_precision_weighted,split3_test_precision_weighted,split4_test_precision_weighted,mean_test_precision_weighted,std_test_precision_weighted,rank_test_precision_weighted,split0_train_precision_weighted,split1_train_precision_weighted,split2_train_precision_weighted,split3_train_precision_weighted,split4_train_precision_weighted,mean_train_precision_weighted,std_train_precision_weighted,split0_test_recall_macro,split1_test_recall_macro,split2_test_recall_macro,split3_test_recall_macro,split4_test_recall_macro,mean_test_recall_macro,std_test_recall_macro,rank_test_recall_macro,split0_train_recall_macro,split1_train_recall_macro,split2_train_recall_macro,split3_train_recall_macro,split4_train_recall_macro,mean_train_recall_macro,std_train_recall_macro,split0_test_recall_weighted,split1_test_recall_weighted,split2_test_recall_weighted,split3_test_recall_weighted,split4_test_recall_weighted,mean_test_recall_weighted,std_test_recall_weighted,rank_test_recall_weighted,split0_train_recall_weighted,split1_train_recall_weighted,split2_train_recall_weighted,split3_train_recall_weighted,split4_train_recall_weighted,mean_train_recall_weighted,std_train_recall_weighted,split0_test_f1_macro,split1_test_f1_macro,split2_test_f1_macro,split3_test_f1_macro,split4_test_f1_macro,mean_test_f1_macro,std_test_f1_macro,rank_test_f1_macro,split0_train_f1_macro,split1_train_f1_macro,split2_train_f1_macro,split3_train_f1_macro,split4_train_f1_macro,mean_train_f1_macro,std_train_f1_macro,split0_test_f1_weighted,split1_test_f1_weighted,split2_test_f1_weighted,split3_test_f1_weighted,split4_test_f1_weighted,mean_test_f1_weighted,std_test_f1_weighted,rank_test_f1_weighted,split0_train_f1_weighted,split1_train_f1_weighted,split2_train_f1_weighted,split3_train_f1_weighted,split4_train_f1_weighted,mean_train_f1_weighted,std_train_f1_weighted,split0_test_roc_auc_ovr_macro,split1_test_roc_auc_ovr_macro,split2_test_roc_auc_ovr_macro,split3_test_roc_auc_ovr_macro,split4_test_roc_auc_ovr_macro,mean_test_roc_auc_ovr_macro,std_test_roc_auc_ovr_macro,rank_test_roc_auc_ovr_macro,split0_train_roc_auc_ovr_macro,split1_train_roc_auc_ovr_macro,split2_train_roc_auc_ovr_macro,split3_train_roc_auc_ovr_macro,split4_train_roc_auc_ovr_macro,mean_train_roc_auc_ovr_macro,std_train_roc_auc_ovr_macro,split0_test_roc_auc_ovr_weighted,split1_test_roc_auc_ovr_weighted,split2_test_roc_auc_ovr_weighted,split3_test_roc_auc_ovr_weighted,split4_test_roc_auc_ovr_weighted,mean_test_roc_auc_ovr_weighted,std_test_roc_auc_ovr_weighted,rank_test_roc_auc_ovr_weighted,split0_train_roc_auc_ovr_weighted,split1_train_roc_auc_ovr_weighted,split2_train_roc_auc_ovr_weighted,split3_train_roc_auc_ovr_weighted,split4_train_roc_auc_ovr_weighted,mean_train_roc_auc_ovr_weighted,std_train_roc_auc_ovr_weighted
0.1589759349822998,0.0024338766005833064,0.06427359580993652,0.0012178710125274968,30,31,50,3,0.15,1.0,balanced,"{'clf__min_samples_leaf': 30, 'clf__max_leaf_nodes': 31, 'clf__max_iter': 50, 'clf__max_depth': 3, 'clf__learning_rate': 0.15, 'clf__l2_regularization': 1.0, 'clf__class_weight': 'balanced'}",0.5581395348837209,0.5503875968992248,0.578125,0.53125,0.5234375,0.5482679263565892,0.019491261607184927,9,0.8635477582846004,0.8362573099415205,0.8346303501945526,0.8540856031128404,0.8463035019455253,0.8469649046958079,0.01088968918618177,0.3700879120879121,0.36396489104116225,0.45070048309178745,0.3653864741545097,0.3652743271221532,0.38308281749950496,0.03387274502067046,1,0.815175173766464,0.8027983799835393,0.795613859824386,0.7936505986978177,0.8109876987698769,0.8036451422084168,0.008390043713480691,0.5849263139960814,0.5479069298196221,0.6304234601449276,0.5422505086940437,0.5670971224767081,0.5745208670262766,0.03174322890853599,1,0.8752528904193079,0.8489485074342544,0.8475923830419018,0.8744985814637897,0.857909961646526,0.860840464801156,0.011998169293890276,0.3823547685616651,0.3689212897107634,0.46420578473210056,0.3770128022759602,0.3693693693693693,0.39237280292997173,0.036264029933609235,1,0.9112213075888658,0.8902281757740272,0.8779308430056515,0.896803023941688,0.8956602554304609,0.8943687211481388,0.01076059026687298,0.5581395348837209,0.5503875968992248,0.578125,0.53125,0.5234375,0.5482679263565892,0.019491261607184927,9,0.8635477582846004,0.8362573099415205,0.8346303501945526,0.8540856031128404,0.8463035019455253,0.8469649046958079,0.01088968918618177,0.3716129032258065,0.36506746626686654,0.4449954991801411,0.37004709254709256,0.36271134826313095,0.38288686189660753,0.031221873285442178,1,0.8541096997332694,0.8381385281010363,0.8286365309182078,0.8321674214347505,0.8459558263158261,0.8398016013006181,0.009255284735025857,0.5679919979995,0.5478714131306439,0.5943930680604269,0.5357510653409091,0.5407379861784838,0.5573491061419926,0.021530246628451443,1,0.864638807193038,0.8373231543265642,0.8361159453560806,0.8572352345811388,0.8474856119526692,0.8485597506818982,0.011100119295066976,0.716043104069213,0.7746497065482485,0.7705690843421851,0.709995942122306,0.7383251999321466,0.7419166074028198,0.026809272533026673,14,0.9814081247336836,0.979326105062906,0.9781470400559913,0.981572078762009,0.9801300397341756,0.9801166776697532,0.0012876865906952945,0.7980770065315288,0.7911182843778239,0.8100870794871228,0.7579968766262288,0.7605236184966748,0.7835605731038758,0.020763936212750148,8,0.9701917726376498,0.9684837391351072,0.9669306262533931,0.9727384384955384,0.9690254263216113,0.96947400056866,0.0019402237598236405
1.1428109169006349,0.01204193583335953,0.08381137847900391,0.0013608276753041741,10,31,125,,0.15,10.0,balanced,"{'clf__min_samples_leaf': 10, 'clf__max_leaf_nodes': 31, 'clf__max_iter': 125, 'clf__max_depth': None, 'clf__learning_rate': 0.15, 'clf__l2_regularization': 10.0, 'clf__class_weight': 'balanced'}",0.5503875968992248,0.5813953488372093,0.59375,0.515625,0.5390625,0.5560440891472869,0.028349585969162226,4,0.9941520467836257,0.9941520467836257,0.9941634241245136,0.9902723735408561,0.9961089494163424,0.9937697681297927,0.0019052966688996294,0.3533834586466165,0.36809760132340774,0.41674876847290643,0.336954302528073,0.32581732389619145,0.36020029097343903,0.0317147644641441,5,0.9921532231446022,0.9922061052175796,0.9960264900662252,0.9915110356536502,0.9953790295962153,0.9934551767356545,0.0018626760013655396,0.5538847117794485,0.5486034970281032,0.5960543026477831,0.5023961054314537,0.5562792277553084,0.5514435689284194,0.029776433707125915,4,0.9942285260902085,0.9942908918877743,0.994279382585616,0.9905085451170288,0.996153900490309,0.9938922492341874,0.0018431706528553094,0.3591363777570674,0.36876718824087246,0.4277904220009483,0.3386249407302039,0.34467520151730674,0.36779882604927977,0.03181441470995142,4,0.9973684210526315,0.9973799126637555,0.9973799126637555,0.9956331877729259,0.9982532751091704,0.9972029418524476,0.0008552600215322189,0.5503875968992248,0.5813953488372093,0.59375,0.515625,0.5390625,0.5560440891472869,0.028349585969162226,4,0.9941520467836257,0.9941520467836257,0.9941634241245136,0.9902723735408561,0.9961089494163424,0.9937697681297927,0.0019052966688996294,0.35535471587332845,0.36582339418526033,0.41553383295318785,0.3368882529899479,0.33053884711779447,0.36082780862390385,0.030127008581481488,4,0.994723187193195,0.9947292294833279,0.996674629718108,0.9934998115544069,0.9967965137821597,0.9952846743462395,0.0012670561487343156,0.5515743617987307,0.5607562620878342,0.5906122719126753,0.5081519932221733,0.5425032307330826,0.5507196239508992,0.02672975999386992,2,0.99415194346765,0.994168005525178,0.9941734631465642,0.9902784783819698,0.9961117310664906,0.9937767243175706,0.0019047977969272164,0.7268430328328179,0.7403449978724599,0.7815272898980313,0.7366057284089201,0.7296390466897812,0.742992019140402,0.019858752001539914,11,1.0,0.9999710687959136,0.9999797300606801,0.9999779212053947,0.99999324335356,0.9999843926831098,1.0611962586489035e-05,0.7939378379204443,0.7889084702728304,0.814267443148289,0.765426809126156,0.756698041355497,0.7838477203646433,0.020635969748537913,7,1.0,0.9999412722429264,0.9999635738577803,0.9999537259299297,0.9999878579525936,0.999969285996646,2.1669250812373998e-05
0.5996811866760254,0.25893263018738766,0.14186010360717774,0.061807111797404495,30,15,125,3,0.08,0.1,balanced,"{'clf__min_samples_leaf': 30, 'clf__max_leaf_nodes': 15, 'clf__max_iter': 125, 'clf__max_depth': 3, 'clf__learning_rate': 0.08, 'clf__l2_regularization': 0.1, 'clf__class_weight': 'balanced'}",0.5348837209302325,0.5581395348837209,0.59375,0.5234375,0.484375,0.5389171511627907,0.03635072423087672,15,0.884990253411306,0.898635477582846,0.9027237354085603,0.9085603112840467,0.9085603112840467,0.9006940177941611,0.008703133961120728,0.34271885521885526,0.3677807486631016,0.4578181818181818,0.35967948717948717,0.32058333333333333,0.3697161212425919,0.04692405777103173,2,0.869129977549773,0.8725948704725814,0.8818269762769806,0.8868019338802938,0.8832291597291597,0.8787165835817576,0.006705060212379642,0.5555571868556365,0.5361584380052233,0.6269863935406699,0.5362004206730769,0.5350878906250001,0.5579980659399213,0.03533363852285228,3,0.8949897418763894,0.9071300829394499,0.912290245382629,0.9173332420415128,0.9151317138330757,0.9093750052146113,0.007961750185476627,0.35429636533084813,0.36450213371266005,0.4731199620673305,0.3655761024182077,0.3087339971550498,0.37324571213681923,0.054094321310724454,3,0.9320081772885913,0.9356634800739606,0.9414288137374973,0.943077541712376,0.9469322160588536,0.9398220457742559,0.005330753942206038,0.5348837209302325,0.5581395348837209,0.59375,0.5234375,0.484375,0.5389171511627907,0.03635072423087672,15,0.884990253411306,0.898635477582846,0.9027237354085603,0.9085603112840467,0.9085603112840467,0.9006940177941611,0.008703133961120728,0.3445338532435307,0.3643385743577805,0.45637272146809754,0.36178689614617404,0.3111772097995899,0.36764185100303454,0.04825058501851706,2,0.8950970838282997,0.9000554817273082,0.9067504701390874,0.9106167645664393,0.9109428945235265,0.9046925389569322,0.006196346236421763,0.54233695786584,0.5451045098783538,0.6016087541526345,0.5287030546769005,0.5062163505860994,0.5447939254319656,0.0315632803032983,3,0.8856906220979794,0.899670186624242,0.9037737542975675,0.9096886216708134,0.9089404896545521,0.9015527348690309,0.008727601177641642,0.7129287810578846,0.7717289681106959,0.7678894618220993,0.6918734760064055,0.728724487990584,0.734629034997534,0.031036957165932914,16,0.990147492349298,0.9889183572149836,0.989113369083339,0.991388582790333,0.9896308018553388,0.9898397206586586,0.0008847419498570941,0.788695984634205,0.7859743273229908,0.8082552823798177,0.7474417413999743,0.7558759146447174,0.7772486500763411,0.022422469905729905,15,0.9832095301092997,0.982573370662647,0.9828680739684776,0.9871792011721223,0.9832084313340913,0.9838077214493275,0.0017023757690690314
0.23424749374389647,0.0017016098874984781,0.06796817779541016,0.0004854545927717303,20,31,75,3,0.05,0.0,balanced,"{'clf__min_samples_leaf': 20, 'clf__max_leaf_nodes': 31, 'clf__max_iter': 75, 'clf__max_depth': 3, 'clf__learning_rate': 0.05, 'clf__l2_regularization': 0.0, 'clf__class_weight': 'balanced'}",0.5736434108527132,0.5348837209302325,0.53125,0.546875,0.4765625,0.5326429263565892,0.031735050885736256,16,0.797270955165692,0.7914230019493177,0.7801556420233463,0.8249027237354085,0.7840466926070039,0.7955598030961536,0.015817003814044692,0.3861975817580701,0.36057225149946986,0.39134478352744606,0.36714479185067417,0.32426242236024844,0.3659043661991817,0.02376152781791777,3,0.7362635465739761,0.7293486873393259,0.7160927900765299,0.7472342811324685,0.7151293882014953,0.7288137386647591,0.012199886666351745,0.6175838967052864,0.5270505083739798,0.5623513728408029,0.5600234885620915,0.5452327372864907,0.5624484007537303,0.03031568036816177,2,0.8120105430610931,0.8064666940618763,0.803613328383187,0.847880807250613,0.8056879597102627,0.8151318664934065,0.016608341816578602,0.39522211867039453,0.3627370791844476,0.4348316737790422,0.36817449027975346,0.315049786628734,0.37520302970847436,0.0394450302536039,2,0.8474307612185094,0.8328333136630081,0.8388569219229968,0.8647347698475194,0.8329096796703641,0.8433530892644795,0.011947800438057361,0.5736434108527132,0.5348837209302325,0.53125,0.546875,0.4765625,0.5326429263565892,0.031735050885736256,16,0.797270955165692,0.7914230019493177,0.7801556420233463,0.8249027237354085,0.7840466926070039,0.7955598030961536,0.015817003814044692,0.381521384021384,0.3610514092268934,0.3963457666865777,0.3672522522522522,0.3118471019626786,0.3636035828299572,0.028606495394069432,3,0.7769414941504521,0.7682605896139625,0.7586079173537462,0.7872849093906762,0.755186346220829,0.7692562513459332,0.011802000315046548,0.5880564918355615,0.5305174580332219,0.5380957893284993,0.5530247043918919,0.5031552315539002,0.5425699350286151,0.027918195085144475,4,0.799110288380077,0.7942351769847598,0.7830207499778136,0.8293008861720301,0.7868886322864587,0.7985111467602277,0.016381002267368428,0.7453399350438646,0.7388877321095016,0.7678764844683579,0.713421772142917,0.7326685059019409,0.7396388859333165,0.017699443027025676,15,0.9668667163019709,0.9615107785548963,0.9623764336821858,0.9727249148368096,0.9641939045682347,0.9655345495888193,0.004035784410384735,0.8081711226089738,0.7787502671357365,0.8061578120406987,0.770198298836918,0.7621200899648976,0.7850795181174449,0.018794478545917908,5,0.9523291469707178,0.9464554753499319,0.9478674478368155,0.9628211445163345,0.9498895114634271,0.9518725452274455,0.005820621712775238
0.5539592742919922,0.010372528117801323,0.07903561592102051,0.0005848528090590576,20,15,125,5,0.05,0.1,balanced,"{'clf__min_samples_leaf': 20, 'clf__max_leaf_nodes': 15, 'clf__max_iter': 125, 'clf__max_depth': 5, 'clf__learning_rate': 0.05, 'clf__l2_regularization': 0.1, 'clf__class_weight': 'balanced'}",0.5581395348837209,0.5736434108527132,0.546875,0.53125,0.4921875,0.5404190891472869,0.02782052092353887,14,0.9629629629629629,0.9512670565302144,0.9708171206225681,0.9649805447470817,0.9552529182879378,0.9610561206301529,0.00698308250790515,0.3587301587301587,0.36359126984126977,0.37695970695970693,0.3701962500724111,0.32517660427068085,0.35893079797484545,0.017961390908776922,8,0.9505729564553095,0.9443399987546476,0.9695791496085615,0.9571620432547585,0.9282694692682849,0.9499847234683123,0.013705594880883134,0.5629075919773594,0.5523140457733481,0.5583748282967033,0.5482853060252441,0.5263345602930751,0.549643266473146,0.01268428480756922,5,0.9648539550500335,0.9545360920965634,0.9715641238037667,0.9668837231261536,0.9582528332259509,0.9632181454604936,0.006095901300763151,0.3705125815470643,0.37235301090564243,0.3912233285917496,0.37890943575154096,0.31000474158368896,0.3646006196759373,0.028246315211401418,5,0.9814366998577526,0.9748200165230733,0.9840316298831583,0.9799621942796115,0.976566741413903,0.9793634563914997,0.003314004519645849,0.5581395348837209,0.5736434108527132,0.546875,0.53125,0.4921875,0.5404190891472869,0.02782052092353887,14,0.9629629629629629,0.9512670565302144,0.9708171206225681,0.9649805447470817,0.9552529182879378,0.9610561206301529,0.00698308250790515,0.3626001707149309,0.36662416592290364,0.37780441780441776,0.37323970624699176,0.3130807149675074,0.3586698351313503,0.023390169695208192,6,0.9651130851436314,0.9580584941243615,0.9764821630463544,0.9677758217917699,0.950517942310008,0.9635895012832251,0.008803692505989776,0.5592507173027168,0.561121011478166,0.5483729811854812,0.5384904230470858,0.5050622045757659,0.5424594675178431,0.020393516252908108,5,0.9630294988006264,0.9515263637765714,0.9708924827590918,0.9651811120265164,0.9555005115135421,0.9612259937752696,0.0069166548167909955,0.7275907232874724,0.7641834548669486,0.7708951434581897,0.7305006452737656,0.733949942175537,0.7454239818123827,0.018292526197990412,10,0.9980891550970732,0.9979338289176255,0.9986046294394851,0.9989237986516042,0.997780483435338,0.9982663791082251,0.00043004798033273494,0.799140344464507,0.8020634143548115,0.8068831823217681,0.7588091622389092,0.7541621249364807,0.7842116456632954,0.022820210900895064,6,0.9965173527162909,0.9963217904922864,0.9976052652949975,0.9981160628588486,0.996086144713155,0.9969293232151157,0.0007893053103509506
0.9917900562286377,0.06033259738591976,0.09340691566467285,0.00435562589097733,20,31,100,,0.1,0.0,balanced,"{'clf__min_samples_leaf': 20, 'clf__max_leaf_nodes': 31, 'clf__max_iter': 100, 'clf__max_depth': None, 'clf__learning_rate': 0.1, 'clf__l2_regularization': 0.0, 'clf__class_weight': 'balanced'}",0.5813953488372093,0.5503875968992248,0.609375,0.5625,0.4765625,0.5560440891472869,0.044447429898959515,4,1.0,1.0,1.0,1.0,1.0,1.0,0.0,0.36047619047619045,0.3146374458874459,0.42069956187603247,0.39836293974225007,0.2901290876416033,0.35686104512470446,0.04908527118361039,9,1.0,1.0,1.0,1.0,1.0,1.0,0.0,0.5558324104835733,0.4949002063827645,0.585687520200388,0.5569610436259144,0.48970745244957636,0.5366177266284433,0.037767246609438025,7,1.0,1.0,1.0,1.0,1.0,1.0,0.0,0.3590307548928238,0.3250284495021337,0.4268800379326695,0.38880986249407296,0.2950592697961119,0.35896167492356235,0.046343940867599256,7,1.0,1.0,1.0,1.0,1.0,1.0,0.0,0.5813953488372093,0.5503875968992248,0.609375,0.5625,0.4765625,0.5560440891472869,0.044447429898959515,4,1.0,1.0,1.0,1.0,1.0,1.0,0.0,0.3551059112857792,0.31610499659730856,0.4189093331422491,0.3907756012103838,0.28988095238095235,0.3541553589233346,0.0471466908311009,7,1.0,1.0,1.0,1.0,1.0,1.0,0.0,0.564994471913317,0.5165158341847443,0.5940530913363163,0.5579297061634018,0.47863188244047616,0.5424249972076511,0.040388323837208334,6,1.0,1.0,1.0,1.0,1.0,1.0,0.0,0.7270530907607322,0.7356030825746871,0.8028064975832484,0.7447192674508978,0.7201830315665825,0.7460729939872296,0.029537057821282676,8,1.0,1.0,1.0,1.0,1.0,1.0,0.0,0.7912123389406026,0.7857905074294356,0.8187762942225477,0.76003892704823,0.7402728955047949,0.7792181926291222,0.026968421034891624,12,1.0,1.0,1.0,1.0,1.0,1.0,0.0
0.5324972152709961,0.005624453849194502,0.07610445022583008,0.0006083361199305553,30,15,100,,0.15,0.1,balanced,"{'clf__min_samples_leaf': 30, 'clf__max_leaf_nodes': 15, 'clf__max_iter': 100, 'clf__max_depth': None, 'clf__learning_rate': 0.15, 'clf__l2_regularization': 0.1, 'clf__class_weight': 'balanced'}",0.5348837209302325,0.5736434108527132,0.6015625,0.5390625,0.484375,0.5467054263565891,0.03954289475925099,12,1.0,1.0,1.0,1.0,1.0,1.0,0.0,0.3191464891041162,0.37123464770523595,0.44749999999999995,0.3611528822055138,0.30001688618709893,0.359810181040393,0.05108933271332667,7,1.0,1.0,1.0,1.0,1.0,1.0,0.0,0.5185269910092536,0.531303397924465,0.6085611979166666,0.5348038063909775,0.50078164577001,0.5387954078022744,0.03686511464043621,6,1.0,1.0,1.0,1.0,1.0,1.0,0.0,0.32258465361913635,0.37235301090564243,0.4490516832622095,0.3646657183499289,0.3064959696538644,0.3630302071581563,0.04964120612749486,6,1.0,1.0,1.0,1.0,1.0,1.0,0.0,0.5348837209302325,0.5736434108527132,0.6015625,0.5390625,0.484375,0.5467054263565891,0.03954289475925099,12,1.0,1.0,1.0,1.0,1.0,1.0,0.0,0.3191138751906412,0.36944170771756984,0.44322069670310144,0.3624906781059231,0.2994356203658529,0.35874051561661774,0.04970477131953546,5,1.0,1.0,1.0,1.0,1.0,1.0,0.0,0.5253552163330242,0.5489893204007078,0.5995223929868702,0.536673197492163,0.48655297383495055,0.5394186202095431,0.03661735939499839,7,1.0,1.0,1.0,1.0,1.0,1.0,0.0,0.7054178689577203,0.7785173687082924,0.7933602441078718,0.7384957038251843,0.7320891602787704,0.7495760691755678,0.03204111708005156,6,1.0,1.0,1.0,1.0,1.0,1.0,0.0,0.7843990201415805,0.7939562055595387,0.824435170278572,0.7610699724213217,0.7451199286461043,0.7817960594094234,0.027376806184371858,9,1.0,1.0,1.0,1.0,1.0,1.0,0.0
0.456896448135376,0.00512920097486566,0.07016944885253906,0.0010851849109172465,10,31,75,5,0.15,0.0,,"{'clf__min_samples_leaf': 10, 'clf__max_leaf_nodes': 31, 'clf__max_iter': 75, 'clf__max_depth': 5, 'clf__learning_rate': 0.15, 'clf__l2_regularization': 0.0, 'clf__class_weight': None}",0.5658914728682171,0.5736434108527132,0.5859375,0.5625,0.5,0.557594476744186,0.029902920619336037,2,1.0,1.0,1.0,1.0,1.0,1.0,0.0,0.3385897435897436,0.351989562948467,0.42027502774531633,0.38785714285714284,0.3004498769204652,0.35983227081222696,0.04117703741785463,6,1.0,1.0,1.0,1.0,1.0,1.0,0.0,0.5278622540250448,0.5244213858422204,0.5621018501164936,0.5432756696428571,0.48073234975808504,0.5276787018769402,0.02699193329356744,9,1.0,1.0,1.0,1.0,1.0,1.0,0.0,0.348219944082013,0.34644262683736365,0.4065291607396871,0.3672641062114746,0.3135135135135135,0.35639387027681035,0.030450861040860668,8,1.0,1.0,1.0,1.0,1.0,1.0,0.0,0.5658914728682171,0.5736434108527132,0.5859375,0.5625,0.5,0.557594476744186,0.029902920619336037,2,1.0,1.0,1.0,1.0,1.0,1.0,0.0,0.34232173412501277,0.3421329335332334,0.4110957061869841,0.3698794193184095,0.3048836447066535,0.3540626875740586,0.03521840851570774,8,1.0,1.0,1.0,1.0,1.0,1.0,0.0,0.5454832441107699,0.5403323144629235,0.5726953679349723,0.5476414008283091,0.4884489716486398,0.5389202597971229,0.027601571764871862,8,1.0,1.0,1.0,1.0,1.0,1.0,0.0,0.7347869912645171,0.7640380304992627,0.7706184006211616,0.7479387331018355,0.7314552188435206,0.7497674748660594,0.015501662936191315,5,1.0,1.0,1.0,1.0,1.0,1.0,0.0,0.7853326410963728,0.8000450839271316,0.808852101197321,0.7633558350800635,0.7458064625793862,0.780678424776055,0.023266332416356714,10,1.0,1.0,1.0,1.0,1.0,1.0,0.0
0.6903586387634277,0.023649383666024808,0.0891343593597412,0.006207912818436425,20,31,100,,0.05,10.0,,"{'clf__min_samples_leaf': 20, 'clf__max_leaf_nodes': 31, 'clf__max_iter': 100, 'clf__max_depth': None, 'clf__learning_rate': 0.05, 'clf__l2_regularization': 10.0, 'clf__class_weight': None}",0.627906976744186,0.5736434108527132,0.59375,0.546875,0.5,0.5684350775193798,0.0432506083458756,1,0.8576998050682261,0.8284600389863548,0.8365758754863813,0.8443579766536965,0.8540856031128404,0.8442358598614998,0.010824620640648005,0.4189054726368159,0.3767460317460317,0.3921069797782127,0.3608510638297872,0.2654310344827586,0.3628081164947212,0.0523177377066101,4,0.8900865707455352,0.8626882848384237,0.8729891460122428,0.8647876365851074,0.8677163542424895,0.8716535984847598,0.00984457543393955,0.5825523545065371,0.5275224560108281,0.5449256971624266,0.5152925531914894,0.45701441271551724,0.5254614947173597,0.0410630720138344,10,0.8646673109501364,0.8347325291701989,0.8427655002362174,0.849322335367238,0.8562150977919235,0.8495405547031428,0.010378775292804406,0.39351972662317486,0.35733048838312,0.3537221431958274,0.3405974395448079,0.29386439070649595,0.3478068376906852,0.03217801107760597,14,0.7330951464838436,0.6769746056099768,0.7268133814966087,0.6968921788851634,0.7078876908263407,0.7083326006603865,0.0203427037765988,0.627906976744186,0.5736434108527132,0.59375,0.546875,0.5,0.5684350775193798,0.0432506083458756,1,0.8576998050682261,0.8284600389863548,0.8365758754863813,0.8443579766536965,0.8540856031128404,0.8442358598614998,0.010824620640648005,0.39213861158921404,0.35779200327231825,0.35345987345987345,0.34083982683982683,0.2779539641943734,0.3444368558711212,0.03733134289215268,12,0.7824890015793062,0.726405038064074,0.7770917127879153,0.733150576879986,0.7415073590771888,0.7521287376776942,0.023149897377654854,0.5945051701823907,0.5421670705538129,0.553843031968032,0.5235575622294373,0.47605099104859333,0.5380247651964533,0.03874909301783652,9,0.8527651877720458,0.8205140080324685,0.8326062675715438,0.8376435580536695,0.8469730660442769,0.8381004174948009,0.011255714826450379,0.7756587666938275,0.7978606095311811,0.7890601084148127,0.7580128461466881,0.7343022467701388,0.7709789155113297,0.022736547679891743,1,0.9815090483953032,0.9806785076146861,0.9808037056438754,0.9792895214815871,0.9807504641435536,0.9806062494558011,0.0007230251098186869,0.8209843989343616,0.8055804174369479,0.8170432963414891,0.7703579496167976,0.747761085676204,0.79234542960116,0.028553644559971895,1,0.9792227809659387,0.9768615330010937,0.9758420995706234,0.9768542993300361,0.9772650713615585,0.9772091568458501,0.0011111633829273529
1.072737979888916,0.07395998101402791,0.08930349349975586,0.0040992565495681305,10,15,150,8,0.1,0.1,,"{'clf__min_samples_leaf': 10, 'clf__max_leaf_nodes': 15, 'clf__max_iter': 150, 'clf__max_depth': 8, 'clf__learning_rate': 0.1, 'clf__l2_regularization': 0.1, 'clf__class_weight': None}",0.5426356589147286,0.5426356589147286,0.5859375,0.578125,0.5234375,0.5545542635658915,0.023634070295242837,6,1.0,1.0,1.0,1.0,1.0,1.0,0.0,0.31228969147350727,0.31624117891241177,0.36900370959194484,0.40826271186440677,0.3336740041928721,0.34789425920702854,0.036226447134918884,12,1.0,1.0,1.0,1.0,1.0,1.0,0.0,0.5055012286540259,0.4852885336319551,0.5707950367647059,0.5642958818855932,0.5131283166273586,0.5278017995127278,0.03376459931378674,8,1.0,1.0,1.0,1.0,1.0,1.0,0.0,0.32006213109661386,0.31086178283546706,0.3717591275486012,0.4056519677572309,0.33765765765765765,0.3491985333791142,0.03506507908160551,11,1.0,1.0,1.0,1.0,1.0,1.0,0.0,0.5426356589147286,0.5426356589147286,0.5859375,0.578125,0.5234375,0.5545542635658915,0.023634070295242837,6,1.0,1.0,1.0,1.0,1.0,1.0,0.0,0.31262917474682184,0.3044994731296101,0.36869727419727416,0.4055769838862163,0.331363348858605,0.3445532509637055,0.03769417757778417,11,1.0,1.0,1.0,1.0,1.0,1.0,0.0,0.5206750082263079,0.5045147482866502,0.577206029647436,0.5701935644884408,0.5138774635587373,0.5372933628415144,0.030246837393166262,10,1.0,1.0,1.0,1.0,1.0,1.0,0.0,0.7092221959996834,0.7399188160234514,0.7813648058207497,0.7576779146563639,0.7407020035143399,0.7457771472029175,0.023683121825550022,9,1.0,1.0,1.0,1.0,1.0,1.0,0.0,0.7830722395739511,0.7895374200299972,0.807659177574588,0.7657085040546977,0.74301907844178,0.7777992839350027,0.02196839002106012,14,1.0,1.0,1.0,1.0,1.0,1.0,0.0
1.799919557571411,0.07303547611520118,0.22096056938171388,0.016719814773539,20,31,125,5,0.05,1.0,,"{'clf__min_samples_leaf': 20, 'clf__max_leaf_nodes': 31, 'clf__max_iter': 125, 'clf__max_depth': 5, 'clf__learning_rate': 0.05, 'clf__l2_regularization': 1.0, 'clf__class_weight': None}",0.5813953488372093,0.5658914728682171,0.5859375,0.515625,0.5234375,0.5544573643410853,0.029385633536425405,7,0.9766081871345029,0.9844054580896686,0.9766536964980544,0.9766536964980544,0.9669260700389105,0.9762494216518383,0.0055479979208290404,0.3297987473519388,0.34594755182990483,0.4011111111111111,0.3338256355173649,0.30043167217234457,0.3422229435965328,0.03302445997217199,14,0.9830964241339032,0.9886450152407239,0.9868275862068966,0.9846994094678756,0.9707949013655452,0.9828126672829889,0.0062960760531427795,0.529168746202393,0.5079775086615033,0.5660528273809523,0.5017737563775511,0.4919696372839106,0.519388495181262,0.02632677957727307,12,0.9767010719550873,0.9845185787881398,0.9769602844492151,0.9769711180307108,0.9674075652338252,0.9765117236913957,0.005430350493996164,0.34317489903696796,0.34020388809862495,0.4065291607396871,0.3186344238975818,0.33765765765765765,0.3492400058861039,0.029904302864101697,10,0.9753509937893027,0.9802352570911523,0.9754171302091696,0.9671205029927915,0.9661850210150018,0.9728617810194835,0.005378392633703047,0.5813953488372093,0.5658914728682171,0.5859375,0.515625,0.5234375,0.5544573643410853,0.029385633536425405,7,0.9766081871345029,0.9844054580896686,0.9766536964980544,0.9766536964980544,0.9669260700389105,0.9762494216518383,0.0055479979208290404,0.331746645975895,0.3358782608003122,0.4005017921146954,0.3186864476098684,0.3157467976619824,0.3405119888325507,0.030941066924331146,14,0.9790807141295804,0.9843073776317525,0.9809224968279547,0.9754123079336405,0.968338478529807,0.977612275010547,0.005454932398130696,0.5507311625980621,0.5281120306557264,0.5735579077060933,0.5026919377036287,0.503645574244497,0.5317477225816015,0.027406751747765957,11,0.9765448563157648,0.9843658533674595,0.9766687023476861,0.976465733752141,0.9669997935863032,0.9762089878738708,0.005508788933338633,0.7226814500362397,0.7728758249126184,0.777230431475959,0.7403820613248373,0.7299573096274161,0.7486254154754141,0.02234220089685187,7,0.9991196543745051,0.9987004909692393,0.9990636227690632,0.9991266877788423,0.9990936781363218,0.9990208268055942,0.00016169557382012074,0.8016270256904692,0.7971784324388993,0.8189298363745794,0.7615803590779562,0.7464550299412529,0.7851541367046314,0.026870361008050094,4,0.998513762480824,0.9982438813259205,0.9984578192312965,0.9989648493989749,0.9986382252794558,0.9985637075432944,0.00023768186072313898
0.4196800231933594,0.011565618513445826,0.07859268188476562,0.0003410500097540241,20,15,150,3,0.1,0.1,,"{'clf__min_samples_leaf': 20, 'clf__max_leaf_nodes': 15, 'clf__max_iter': 150, 'clf__max_depth': 3, 'clf__learning_rate': 0.1, 'clf__l2_regularization': 0.1, 'clf__class_weight': None}",0.5581395348837209,0.5658914728682171,0.5859375,0.5078125,0.515625,0.5466812015503877,0.030055443799081857,13,0.9883040935672515,0.98635477582846,0.9844357976653697,0.980544747081712,0.9844357976653697,0.9848150423616326,0.0025716660872398566,0.33633522041265324,0.34177275273165686,0.4166666666666667,0.3399114064230343,0.3306949089557786,0.3530761910379579,0.03201877495253835,10,0.9913801357037911,0.9899050211736238,0.9912034632034633,0.9868660492432799,0.986686400359505,0.9892082139367326,0.0020508087816050544,0.523109754055723,0.5069582288441797,0.5647135416666667,0.48986451411960136,0.5157512890189521,0.5200794655410246,0.024920781103054283,11,0.9883350651795854,0.9864057729522433,0.9846069365135512,0.9807131102417456,0.9844749693155407,0.9849071708405333,0.0025244148234604726,0.33880086983535257,0.33394262683736364,0.40876718824087244,0.330981507823613,0.33225225225225224,0.3489488889978908,0.030026666768571592,13,0.9909128714564435,0.9786486486486486,0.9822718838818775,0.9732545359447787,0.984731854769796,0.9819639589403089,0.005910743296050335,0.5581395348837209,0.5658914728682171,0.5859375,0.5078125,0.515625,0.5466812015503877,0.030055443799081857,13,0.9883040935672515,0.98635477582846,0.9844357976653697,0.980544747081712,0.9844357976653697,0.9848150423616326,0.0025716660872398566,0.3322616002922908,0.3257072657072657,0.4071668325041459,0.33213144709696435,0.3272918194881277,0.34491179301775887,0.031235658775516956,10,0.9911162005601188,0.9840770787479498,0.9865833610200536,0.9797867264112824,0.985693350068102,0.9854513433615015,0.003671706053779637,0.5361497480690962,0.5249874156850901,0.5693166459369817,0.49631099414235197,0.5116714119823749,0.5276872431631789,0.02470986072007116,12,0.9882982375891763,0.9862419736655622,0.9844174784758409,0.9804361684124688,0.98444413478018,0.9847675985846458,0.002593364375454159,0.7263023946110677,0.7555936556227761,0.7710108025929856,0.7219118792254848,0.7397880480131536,0.7429213560130936,0.018313982628340306,12,0.9993553554182564,0.9995653754073219,0.9995605944626897,0.9996511987481144,0.9996863266057436,0.9995637701284252,0.00011498974463960893,0.7885131602890839,0.7924790863517391,0.8161552457766871,0.7430710945034323,0.7592437384654829,0.779892465077285,0.025806634521843914,11,0.9989988711257365,0.9993900352304276,0.9992539075570536,0.9995770385874005,0.9995094910723482,0.9993458687145932,0.00020543935764133554
0.7149445056915283,0.07849794182055557,0.08051962852478027,0.0017289404780835445,10,31,125,5,0.05,0.1,,"{'clf__min_samples_leaf': 10, 'clf__max_leaf_nodes': 31, 'clf__max_iter': 125, 'clf__max_depth': 5, 'clf__learning_rate': 0.05, 'clf__l2_regularization': 0.1, 'clf__class_weight': None}",0.5581395348837209,0.5426356589147286,0.5859375,0.5234375,0.53125,0.54828003875969,0.022155482512925238,8,0.9941520467836257,0.9980506822612085,0.9961089494163424,0.9980544747081712,0.9961089494163424,0.996495020517138,0.0014587397671663909,0.3165277777777778,0.3202494873547505,0.4165158371040724,0.3582848730217151,0.3223737373737373,0.3467903425264106,0.03797414712932158,13,0.9964343789728882,0.9991304347826088,0.9973333333333333,0.9991304347826088,0.9977752862032337,0.9979607736149345,0.0010482539753774451,0.5069875107665806,0.4934641042352181,0.5737297322775263,0.49563080833640044,0.5074988162878789,0.5154621943807209,0.02969020534807238,14,0.9941696248195874,0.998059157555725,0.9961608300907911,0.9980629335137878,0.9961089494163424,0.9965122990792468,0.0014540689380575433,0.33087294190742467,0.3127584163110479,0.41445708866761494,0.3459269796111901,0.3411664295874822,0.3490363712169519,0.03463372560267153,12,0.9968942626837365,0.9986486486486486,0.9958479490299951,0.9966666666666667,0.9977752862032337,0.997166562646456,0.000962279420573252,0.5581395348837209,0.5426356589147286,0.5859375,0.5234375,0.53125,0.54828003875969,0.022155482512925238,8,0.9941520467836257,0.9980506822612085,0.9961089494163424,0.9980544747081712,0.9961089494163424,0.996495020517138,0.0014587397671663909,0.3199724940941498,0.3081982636785786,0.41293951463085304,0.34839488966318233,0.3281264527335769,0.34352632296006813,0.03709960848715785,13,0.9966611166611166,0.9988863040508106,0.996567188797334,0.9978835978835978,0.9977752862032337,0.9975546987192185,0.0008606591657491517,0.5289073225894452,0.5102511828239717,0.5761504364490729,0.5061396631823462,0.5160332424949657,0.5274963695079603,0.025511243279262616,13,0.9941554655004947,0.9980495017726404,0.9961118386888859,0.9980484195407519,0.9961089494163424,0.9964948349838231,0.0014559434887682038,0.7463181986311355,0.7679690289345662,0.7667165631795468,0.7373781908879142,0.7390312201563243,0.7514826403578974,0.013300513005696124,4,0.9999500407324943,0.999974710785305,0.9999852311327722,0.9999761224232888,0.9999710900527182,0.9999714390253157,1.1669357956955726e-05,0.799064641623712,0.7887222347371919,0.7997443927706592,0.7499845784912542,0.7574325425194119,0.778989678028446,0.021139966404836674,13,0.9999207343039165,0.9999610926258773,0.9999787374285046,0.9999709501904026,0.9999559640953504,0.9999574957288102,1.9994590630632424e-05
0.8634995460510254,0.0071399415504360625,0.08632898330688477,0.002828783232907476,20,15,150,,0.08,10.0,,"{'clf__min_samples_leaf': 20, 'clf__max_leaf_nodes': 15, 'clf__max_iter': 150, 'clf__max_depth': None, 'clf__learning_rate': 0.08, 'clf__l2_regularization': 10.0, 'clf__class_weight': None}",0.5813953488372093,0.5426356589147286,0.5859375,0.515625,0.515625,0.5482437015503876,0.030591710260329426,10,0.9824561403508771,0.9883040935672515,0.9688715953307393,0.9766536964980544,0.980544747081712,0.979366054565727,0.006454719952433033,0.37516611295681057,0.3346314760508309,0.4272907239819005,0.33533226240041963,0.2859828141783029,0.3516806779136529,0.047207202838020594,11,0.9907681527546641,0.992927536231884,0.9795317169930172,0.9821705868919846,0.9868475499092557,0.9864491085561612,0.00503863031227204,0.5474419892348502,0.4845490160418893,0.5609297670390271,0.4958887240599285,0.4943378255907626,0.5166294643932916,0.031203138105391978,13,0.9826673434727906,0.98842500776902,0.9694424788328005,0.9768385747150131,0.9806719006357971,0.9796090610850843,0.006312505436460419,0.3669586828207518,0.33381223328591747,0.420488383119962,0.32466571834992886,0.31449976292081555,0.3520849560994751,0.038467155649438665,9,0.9528840682788051,0.9772572681852157,0.9646530573812413,0.9598811734993639,0.9664385505485441,0.9642228235786341,0.008030050939967502,0.5813953488372093,0.5426356589147286,0.5859375,0.515625,0.515625,0.5482437015503876,0.030591710260329426,10,0.9824561403508771,0.9883040935672515,0.9688715953307393,0.9766536964980544,0.980544747081712,0.979366054565727,0.006454719952433033,0.3647233760169096,0.32843039313627553,0.41922374051069705,0.3253111026904131,0.29715483377050417,0.3469686892249599,0.04202418591952796,9,0.9698470334910659,0.9848530073788915,0.9716876305949331,0.9706177281613879,0.97628476399445,0.9746580327241456,0.005565551656870333,0.5596148742251064,0.5049398845568477,0.5684837172187716,0.5018804471390678,0.5008523458188481,0.5271542537917282,0.030284815641904394,14,0.9821963400647209,0.9883018904647983,0.9688673412025091,0.9765624552793555,0.9804640991694367,0.9792784252361642,0.0064359946848523515,0.7312813550029824,0.7805906280878396,0.7870507789253386,0.7387244889688432,0.7305264321698932,0.7536347366309795,0.024896726120001395,3,0.9997559127069998,0.9991907541863755,0.9993266959744787,0.999346439731965,0.9995379733533714,0.9994315551906382,0.00019634553417506074,0.8004588061960539,0.7971023385969639,0.8173366352620653,0.7613357790665963,0.7508105407095895,0.7854088199662538,0.0251363405400472,3,0.9995615089152828,0.998883130997528,0.9987761982623722,0.9989959156332872,0.9993084203283974,0.9991050348273735,0.0002894878407323579
0.623024845123291,0.21894404636314307,0.1344144821166992,0.04931193531155718,30,15,50,,0.03,0.1,,"{'clf__min_samples_leaf': 30, 'clf__max_leaf_nodes': 15, 'clf__max_iter': 50, 'clf__max_depth': None, 'clf__learning_rate': 0.03, 'clf__l2_regularization': 0.1, 'clf__class_weight': None}",0.5813953488372093,0.5426356589147286,0.59375,0.5234375,0.5390625,0.5560562015503876,0.026817051943253165,3,0.7816764132553606,0.7446393762183235,0.7490272373540856,0.7782101167315175,0.7607003891050583,0.7628507065328691,0.01495114331584189,0.32913043478260867,0.33346024657429674,0.3745433031447686,0.30481792717086836,0.2836363636363636,0.3251176550617812,0.030533170203637307,16,0.8331890051242169,0.8092098061245065,0.8151367484263078,0.7955687277247423,0.8146448198544007,0.8135498214508349,0.012096035372843624,0.5155881361644759,0.48845553309774825,0.53263593387339,0.470139618347339,0.4659090909090909,0.49454566247840875,0.02587064889413379,16,0.7900757084746781,0.75787949630299,0.7640863822520121,0.7829149645030689,0.7712050772461081,0.7732323257557715,0.011839936028765633,0.32937558247903076,0.3206863442389758,0.3457942152678995,0.30662873399715507,0.3231294452347084,0.32512286424355386,0.012736401754252915,16,0.6727523144369564,0.5845547621857665,0.5800813625924587,0.6215523417683558,0.6102915126093235,0.6138464587185721,0.033286643914661525,0.5813953488372093,0.5426356589147286,0.59375,0.5234375,0.5390625,0.5560562015503876,0.026817051943253165,3,0.7816764132553606,0.7446393762183235,0.7490272373540856,0.7782101167315175,0.7607003891050583,0.7628507065328691,0.01495114331584189,0.3166173492326031,0.31650641025641024,0.3382867132867133,0.2994577675489068,0.301812707015959,0.3145361894681185,0.013867560642461519,16,0.7280220349240732,0.6401430326630317,0.6335230663528111,0.6720627644997392,0.6641164113907322,0.6675734619660775,0.033460403170753085,0.5380950727425837,0.5059071258199165,0.5459011691433567,0.4909350546605294,0.4996283122553448,0.5160933469243462,0.021819158283913745,15,0.7750240826751066,0.7313335739042529,0.7317656363884549,0.7676327882880543,0.751480369824917,0.7514472902161571,0.01794305250517617,0.7641806625026797,0.7664783297543913,0.7854642330635745,0.7437853874740091,0.7481985145512245,0.7616214254691759,0.014811600023557232,2,0.9644181074624566,0.9625151009097431,0.9601668159137988,0.9671491873545401,0.9614215428577644,0.9631341508996606,0.002445010769001329,0.8174279446033874,0.7846362740581979,0.8145325954980526,0.7666846868958873,0.7546061040505755,0.7875775210212201,0.025099400855895602,2,0.954014297463455,0.9526813682842048,0.9499427363012591,0.9596674417208232,0.9491327547064661,0.9530877196952415,0.003737621660216241
0.36818299293518064,0.007347025458915539,0.06555266380310058,0.0006756504466352642,10,31,50,5,0.03,0.0,,"{'clf__min_samples_leaf': 10, 'clf__max_leaf_nodes': 31, 'clf__max_iter': 50, 'clf__max_depth': 5, 'clf__learning_rate': 0.03, 'clf__l2_regularization': 0.0, 'clf__class_weight': None}",0.5348837209302325,0.5581395348837209,0.578125,0.515625,0.546875,0.5467296511627907,0.021088859089354355,11,0.8576998050682261,0.8635477582846004,0.857976653696498,0.8910505836575876,0.8754863813229572,0.8691522364059739,0.01270528245759788,0.2763666072489602,0.3685790903637839,0.3505520301294949,0.33876193566329843,0.30681401320616286,0.3282147353223401,0.032819806897826875,15,0.9105361982191251,0.904152625977799,0.9143411517877122,0.9353979035376933,0.9084964305142407,0.914584862007314,0.010913609096055987,0.46858979673617157,0.5203612483516772,0.5246165494569983,0.4763364430274868,0.4974898116516875,0.49747876984480427,0.02254612063012429,15,0.8678278804509014,0.8686269535102717,0.8683435570767123,0.8982435759747074,0.8803493820665225,0.8766782698158231,0.011757210702287335,0.29684374029201616,0.33529042200094833,0.33688003793266946,0.3148411569464201,0.34215267899478424,0.32520160723336766,0.016952972060882726,15,0.7975001943272003,0.8058659860734096,0.8109362010732903,0.8364858463947519,0.8072716758923717,0.8116119807522046,0.013192142262785764,0.5348837209302325,0.5581395348837209,0.578125,0.515625,0.546875,0.5467296511627907,0.021088859089354355,11,0.8576998050682261,0.8635477582846004,0.857976653696498,0.8910505836575876,0.8754863813229572,0.8691522364059739,0.01270528245759788,0.28202975231960736,0.3331936880323977,0.33265940295402535,0.3139942147782767,0.3226941828624858,0.31691424818935865,0.018824411556277558,15,0.841630665360863,0.8463030244585955,0.8515283358866922,0.8774077319866649,0.8485218230631075,0.8530783161511847,0.012586006746498648,0.49686662042015367,0.5250446810836908,0.5417258014841637,0.4860997425088599,0.5196460399552528,0.5138765770904242,0.01997239952124921,16,0.8552975729921998,0.8610840472386541,0.856055852960914,0.8897798902986106,0.8743996433439728,0.8673234013668703,0.01315199475953948,0.7561949438412976,0.7458459038471859,0.7659589131607889,0.7270625958122157,0.7148670950453375,0.7419858903413651,0.018706343879236614,13,0.9862245036906877,0.9847193186805306,0.984217305737948,0.9876762518116683,0.9879563266353276,0.9861587413112325,0.001508614291452786,0.8111297338843579,0.7683796087379152,0.7946396123307347,0.7511624634138523,0.7490867273011298,0.774879629133598,0.024390797568975504,16,0.9800448631374042,0.9790916646249513,0.9783419938789071,0.985004317214727,0.9832195450738719,0.9811404767859724,0.002548775977752515
